<?xml version="1.0" encoding="UTF-8"?>
<project default="generate" name="myjava.generator">
    <property name="ECLIPSE_HOME" value="../../../../../../../../../MesProgrammes/eclipse/modeling-2022-03/eclipse"/>
    <property name="ECLIPSE_WORKSPACE" value="../.."/>

    <!-- The classpath with only the dependencies used by the project -->
    <path id="myjava.generator.libraryclasspath">
        <pathelement location="${ECLIPSE_WORKSPACE}/myjava.generator/bin"/>
    </path>

    <path id="myjava.generator.classpath">
        <path refid="myjava.generator.libraryclasspath"/>
    </path>

    <!-- The classpath with only the jars available in the plugin folder of Eclipse -->
    <path id="myjava.generator.libraryclasspath.alljars">
        <pathelement location="../myjava.generator/bin"/>
        <fileset dir="${ECLIPSE_HOME}/plugins/" includes="*.jar"/>
    </path>

    <path id="myjava.generator.classpath.alljars">
        <path refid="myjava.generator.libraryclasspath.alljars"/>
    </path>

    <!-- The default task with the jars used by this project -->
    <target name="generate">
        <java classname="myjava.generator.common.Generate" classpathref="myjava.generator.classpath">
            <arg value="${model}"/>
            <arg value="${target}"/>
        </java>
    </target>

    <!--
        In case of problem you can also try with all the jar available in your Eclipse
        Keep in mind that having two versions of the same jar can create problems
    -->
    <target name="generate.alljars">
        <java classname="myjava.generator.common.Generate" classpathref="myjava.generator.classpath">
            <arg value="${model}"/>
            <arg value="${target}"/>
        </java>
    </target>
</project>
